{"_runtime":1757.017385,"_step":41771,"loss":2.301326036453247,"_timestamp":1.7466534224135702e+09,"_wandb":{"runtime":1757}}