{"_wandb":{"runtime":2111},"_timestamp":1.7467355013186061e+09,"_runtime":2110.081954,"_step":48143,"loss":2.0763442516326904}