{"_wandb":{"runtime":1979},"loss":1.2437782287597656,"_timestamp":1.746664335972554e+09,"_runtime":1978.339749,"_step":48143}