{"_timestamp":1.746661880664593e+09,"_runtime":1931.616052,"_step":48143,"loss":2.0763442516326904,"_wandb":{"runtime":1932}}