{"_runtime":1935.285536,"_wandb":{"runtime":1936},"_step":48143,"loss":2.283381223678589,"_timestamp":1.746666349211015e+09}