{"_runtime":1971.701526,"_step":48143,"_wandb":{"runtime":1972},"loss":2.136848211288452,"_timestamp":1.746657268870285e+09}