{"loss":2.0763442516326904,"_timestamp":1.7466594061684248e+09,"_wandb":{"runtime":2070},"_runtime":2069.815323,"_step":48143}