{"_step":48143,"loss":2.0797719955444336,"_timestamp":1.746737458522773e+09,"_runtime":1919.285502,"_wandb":{"runtime":1920}}